feedback,sentiment
The teaching method is excellent and easy to understand.,Positive
Teachers explain every topic very clearly.,Positive
The laboratory facilities are very good.,Positive
I am satisfied with the course content.,Positive
The faculty is supportive and helpful.,Positive
The lectures are interesting and informative.,Positive
The practical sessions were useful.,Positive
The college provides good learning resources.,Positive
The classroom environment is comfortable.,Positive
The online study material is very helpful.,Positive
The teaching quality is average.,Neutral
The course content is okay.,Neutral
The laboratory is neither good nor bad.,Neutral
The lectures are sometimes interesting.,Neutral
The timetable is acceptable.,Neutral
The learning resources are sufficient.,Neutral
The practical sessions are average.,Neutral
The faculty response is normal.,Neutral
The classroom experience is satisfactory.,Neutral
The course is manageable.,Neutral
The laboratory equipment is not working properly.,Negative
The teaching method is difficult to understand.,Negative
The lectures are boring and too long.,Negative
The faculty does not respond to questions.,Negative
The classroom is uncomfortable.,Negative
The study material is not useful.,Negative
The practical sessions are poorly organized.,Negative
The course workload is too high.,Negative
The laboratory facilities are insufficient.,Negative
The timetable creates many problems.,Negative
